dateData;groupe;editeur;progiciel;nbPsFacturation
201901;ASTERA;CERP ROUEN;LEO;221
201901;ASTERA;CERP ROUEN;LEO 2.0;735
201901;Autres éditeurs/solutions non répertoriés;Autres éditeurs/solutions non répertoriés;Autres éditeurs/solutions non répertoriés;946
201901;GROUPE CEGEDIM;ASP LINE;PERIPHAR;226
201901;GROUPE CEGEDIM;SMART RX;ALLIANCE + FES;4212
201901;GROUPE CEGEDIM;SMART RX;LOGIPHAR FES;917
201901;GROUPE CEGEDIM;SMART RX;OPUS;500
201901;GROUPE EQUASENS;EQUASENS;LGPI;8969
201901;GROUPE EQUASENS;EQUASENS;PRIMORIS;1
201901;total;total;total;21840
201901;__NO_GROUP__CADUCIEL INFORMATIQUE;CADUCIEL INFORMATIQUE;CADUCIEL 6;533
201901;__NO_GROUP__EVERYS;EVERYS;WINPHARMA;4580
201902;ASTERA;CERP ROUEN;LEO;198
201902;ASTERA;CERP ROUEN;LEO 2.0;756
201902;Autres éditeurs/solutions non répertoriés;Autres éditeurs/solutions non répertoriés;Autres éditeurs/solutions non répertoriés;961
201902;GROUPE CEGEDIM;ASP LINE;PERIPHAR;196
201902;GROUPE CEGEDIM;SMART RX;ALLIANCE + FES;4200
201902;GROUPE CEGEDIM;SMART RX;LOGIPHAR FES;906
201902;GROUPE CEGEDIM;SMART RX;OPUS;495
201902;GROUPE EQUASENS;EQUASENS;LGPI;8934
201902;GROUPE EQUASENS;EQUASENS;PRIMORIS;1
201902;total;total;total;21781
201902;__NO_GROUP__CADUCIEL INFORMATIQUE;CADUCIEL INFORMATIQUE;CADUCIEL 6;528
201902;__NO_GROUP__EVERYS;EVERYS;WINPHARMA;4606
201903;ASTERA;CERP ROUEN;LEO;174
201903;ASTERA;CERP ROUEN;LEO 2.0;774
201903;Autres éditeurs/solutions non répertoriés;Autres éditeurs/solutions non répertoriés;Autres éditeurs/solutions non répertoriés;979
201903;GROUPE CEGEDIM;ASP LINE;PERIPHAR;185
201903;GROUPE CEGEDIM;SMART RX;ALLIANCE + FES;4174
201903;GROUPE CEGEDIM;SMART RX;LOGIPHAR FES;886
201903;GROUPE CEGEDIM;SMART RX;OPUS;486
201903;GROUPE EQUASENS;EQUASENS;LGPI;8924
201903;GROUPE EQUASENS;EQUASENS;PRIMORIS;1
201903;total;total;total;21758
201903;__NO_GROUP__CADUCIEL INFORMATIQUE;CADUCIEL INFORMATIQUE;CADUCIEL 6;525
201903;__NO_GROUP__EVERYS;EVERYS;WINPHARMA;4650
201904;ASTERA;CERP ROUEN;LEO;156
201904;ASTERA;CERP ROUEN;LEO 2.0;780
201904;Autres éditeurs/solutions non répertoriés;Autres éditeurs/solutions non répertoriés;Autres éditeurs/solutions non répertoriés;991
201904;GROUPE CEGEDIM;ASP LINE;PERIPHAR;157
201904;GROUPE CEGEDIM;SMART RX;ALLIANCE + FES;4166
201904;GROUPE CEGEDIM;SMART RX;LOGIPHAR FES;875
201904;GROUPE CEGEDIM;SMART RX;OPUS;482
201904;GROUPE EQUASENS;EQUASENS;LGPI;8925
201904;GROUPE EQUASENS;EQUASENS;PRIMORIS;1
201904;total;total;total;21733
201904;__NO_GROUP__CADUCIEL INFORMATIQUE;CADUCIEL INFORMATIQUE;CADUCIEL 6;523
201904;__NO_GROUP__EVERYS;EVERYS;WINPHARMA;4677
201905;ASTERA;CERP ROUEN;LEO;141
201905;ASTERA;CERP ROUEN;LEO 2.0;792
201905;Autres éditeurs/solutions non répertoriés;Autres éditeurs/solutions non répertoriés;Autres éditeurs/solutions non répertoriés;1010
201905;GROUPE CEGEDIM;ASP LINE;PERIPHAR;146
201905;GROUPE CEGEDIM;SMART RX;ALLIANCE + FES;4149
201905;GROUPE CEGEDIM;SMART RX;LOGIPHAR FES;864
201905;GROUPE CEGEDIM;SMART RX;OPUS;472
201905;GROUPE EQUASENS;EQUASENS;LGPI;8909
201905;GROUPE EQUASENS;EQUASENS;PRIMORIS;1
201905;total;total;total;21714
201905;__NO_GROUP__CADUCIEL INFORMATIQUE;CADUCIEL INFORMATIQUE;CADUCIEL 6;521
201905;__NO_GROUP__EVERYS;EVERYS;WINPHARMA;4709
201906;ASTERA;CERP ROUEN;LEO;124
201906;ASTERA;CERP ROUEN;LEO 2.0;812
201906;Autres éditeurs/solutions non répertoriés;Autres éditeurs/solutions non répertoriés;Autres éditeurs/solutions non répertoriés;1040
201906;GROUPE CEGEDIM;ASP LINE;PERIPHAR;130
201906;GROUPE CEGEDIM;SMART RX;ALLIANCE + FES;4125
201906;GROUPE CEGEDIM;SMART RX;LOGIPHAR FES;844
201906;GROUPE CEGEDIM;SMART RX;OPUS;463
201906;GROUPE EQUASENS;EQUASENS;LGPI;8896
201906;GROUPE EQUASENS;EQUASENS;PRIMORIS;1
201906;total;total;total;21706
201906;__NO_GROUP__CADUCIEL INFORMATIQUE;CADUCIEL INFORMATIQUE;CADUCIEL 6;520
201906;__NO_GROUP__EVERYS;EVERYS;WINPHARMA;4751
201907;ASTERA;CERP ROUEN;LEO;116
201907;ASTERA;CERP ROUEN;LEO 2.0;814
201907;Autres éditeurs/solutions non répertoriés;Autres éditeurs/solutions non répertoriés;Autres éditeurs/solutions non répertoriés;1057
201907;GROUPE CEGEDIM;ASP LINE;PERIPHAR;130
201907;GROUPE CEGEDIM;SMART RX;ALLIANCE + FES;4108
201907;GROUPE CEGEDIM;SMART RX;LOGIPHAR FES;831
201907;GROUPE CEGEDIM;SMART RX;OPUS;451
201907;GROUPE EQUASENS;EQUASENS;LGPI;8895
201907;GROUPE EQUASENS;EQUASENS;PRIMORIS;1
201907;total;total;total;21680
201907;__NO_GROUP__CADUCIEL INFORMATIQUE;CADUCIEL INFORMATIQUE;CADUCIEL 6;515
201907;__NO_GROUP__EVERYS;EVERYS;WINPHARMA;4762
201908;ASTERA;CERP ROUEN;LEO;113
201908;ASTERA;CERP ROUEN;LEO 2.0;814
201908;Autres éditeurs/solutions non répertoriés;Autres éditeurs/solutions non répertoriés;Autres éditeurs/solutions non répertoriés;1061
201908;GROUPE CEGEDIM;ASP LINE;PERIPHAR;120
201908;GROUPE CEGEDIM;SMART RX;ALLIANCE + FES;4096
201908;GROUPE CEGEDIM;SMART RX;LOGIPHAR FES;820
201908;GROUPE CEGEDIM;SMART RX;OPUS;447
201908;GROUPE EQUASENS;EQUASENS;LGPI;8871
201908;GROUPE EQUASENS;EQUASENS;PRIMORIS;1
201908;total;total;total;21613
201908;__NO_GROUP__CADUCIEL INFORMATIQUE;CADUCIEL INFORMATIQUE;CADUCIEL 6;508
201908;__NO_GROUP__EVERYS;EVERYS;WINPHARMA;4762
201909;ASTERA;CERP ROUEN;LEO;100
201909;ASTERA;CERP ROUEN;LEO 2.0;833
201909;Autres éditeurs/solutions non répertoriés;Autres éditeurs/solutions non répertoriés;Autres éditeurs/solutions non répertoriés;1096
201909;GROUPE CEGEDIM;ASP LINE;PERIPHAR;118
201909;GROUPE CEGEDIM;SMART RX;ALLIANCE + FES;4071
201909;GROUPE CEGEDIM;SMART RX;LOGIPHAR FES;798
201909;GROUPE CEGEDIM;SMART RX;OPUS;444
201909;GROUPE EQUASENS;EQUASENS;LGPI;8886
201909;GROUPE EQUASENS;EQUASENS;PRIMORIS;1
201909;total;total;total;21648
201909;__NO_GROUP__CADUCIEL INFORMATIQUE;CADUCIEL INFORMATIQUE;CADUCIEL 6;504
201909;__NO_GROUP__EVERYS;EVERYS;WINPHARMA;4797
201910;ASTERA;CERP ROUEN;LEO;84
201910;ASTERA;CERP ROUEN;LEO 2.0;847
201910;Autres éditeurs/solutions non répertoriés;Autres éditeurs/solutions non répertoriés;Autres éditeurs/solutions non répertoriés;1131
201910;GROUPE CEGEDIM;ASP LINE;PERIPHAR;112
201910;GROUPE CEGEDIM;SMART RX;ALLIANCE + FES;4047
201910;GROUPE CEGEDIM;SMART RX;LOGIPHAR FES;762
201910;GROUPE CEGEDIM;SMART RX;OPUS;425
201910;GROUPE EQUASENS;EQUASENS;LGPI;8867
201910;GROUPE EQUASENS;EQUASENS;PRIMORIS;1
201910;total;total;total;21595
201910;__NO_GROUP__CADUCIEL INFORMATIQUE;CADUCIEL INFORMATIQUE;CADUCIEL 6;498
201910;__NO_GROUP__EVERYS;EVERYS;WINPHARMA;4821
201911;ASTERA;CERP ROUEN;LEO;69
201911;ASTERA;CERP ROUEN;LEO 2.0;856
201911;Autres éditeurs/solutions non répertoriés;Autres éditeurs/solutions non répertoriés;Autres éditeurs/solutions non répertoriés;1151
201911;GROUPE CEGEDIM;ASP LINE;PERIPHAR;90
201911;GROUPE CEGEDIM;SMART RX;ALLIANCE + FES;4031
201911;GROUPE CEGEDIM;SMART RX;LOGIPHAR FES;743
201911;GROUPE CEGEDIM;SMART RX;OPUS;419
201911;GROUPE EQUASENS;EQUASENS;LGPI;8857
201911;GROUPE EQUASENS;EQUASENS;PRIMORIS;1
201911;total;total;total;21568
201911;__NO_GROUP__CADUCIEL INFORMATIQUE;CADUCIEL INFORMATIQUE;CADUCIEL 6;497
201911;__NO_GROUP__EVERYS;EVERYS;WINPHARMA;4854
201912;ASTERA;CERP ROUEN;LEO;59
201912;ASTERA;CERP ROUEN;LEO 2.0;865
201912;Autres éditeurs/solutions non répertoriés;Autres éditeurs/solutions non répertoriés;Autres éditeurs/solutions non répertoriés;1179
201912;GROUPE CEGEDIM;ASP LINE;PERIPHAR;66
201912;GROUPE CEGEDIM;SMART RX;ALLIANCE + FES;4045
201912;GROUPE CEGEDIM;SMART RX;LOGIPHAR FES;712
201912;GROUPE CEGEDIM;SMART RX;OPUS;401
201912;GROUPE EQUASENS;EQUASENS;LGPI;8848
201912;GROUPE EQUASENS;EQUASENS;PRIMORIS;1
201912;total;total;total;21552
201912;__NO_GROUP__CADUCIEL INFORMATIQUE;CADUCIEL INFORMATIQUE;CADUCIEL 6;496
201912;__NO_GROUP__EVERYS;EVERYS;WINPHARMA;4880
202001;ASTERA;CERP ROUEN;LEO;50
202001;ASTERA;CERP ROUEN;LEO 2.0;873
202001;Autres éditeurs/solutions non répertoriés;Autres éditeurs/solutions non répertoriés;Autres éditeurs/solutions non répertoriés;1207
202001;GROUPE CEGEDIM;ASP LINE;PERIPHAR;52
202001;GROUPE CEGEDIM;SMART RX;ALLIANCE + FES;4042
202001;GROUPE CEGEDIM;SMART RX;LOGIPHAR FES;695
202001;GROUPE CEGEDIM;SMART RX;OPUS;400
202001;GROUPE EQUASENS;EQUASENS;LGPI;8848
202001;GROUPE EQUASENS;EQUASENS;PRIMORIS;1
202001;total;total;total;21586
202001;__NO_GROUP__CADUCIEL INFORMATIQUE;CADUCIEL INFORMATIQUE;CADUCIEL 6;485
202001;__NO_GROUP__EVERYS;EVERYS;WINPHARMA;4933
202002;ASTERA;CERP ROUEN;LEO;44
202002;ASTERA;CERP ROUEN;LEO 2.0;885
202002;Autres éditeurs/solutions non répertoriés;Autres éditeurs/solutions non répertoriés;Autres éditeurs/solutions non répertoriés;1233
202002;GROUPE CEGEDIM;ASP LINE;PERIPHAR;36
202002;GROUPE CEGEDIM;SMART RX;ALLIANCE + FES;4045
202002;GROUPE CEGEDIM;SMART RX;LOGIPHAR FES;658
202002;GROUPE CEGEDIM;SMART RX;OPUS;393
202002;GROUPE EQUASENS;EQUASENS;LGPI;8847
202002;GROUPE EQUASENS;EQUASENS;PRIMORIS;1
202002;total;total;total;21570
202002;__NO_GROUP__CADUCIEL INFORMATIQUE;CADUCIEL INFORMATIQUE;CADUCIEL 6;480
202002;__NO_GROUP__EVERYS;EVERYS;WINPHARMA;4948
202003;ASTERA;CERP ROUEN;LEO;39
202003;ASTERA;CERP ROUEN;LEO 2.0;876
202003;Autres éditeurs/solutions non répertoriés;Autres éditeurs/solutions non répertoriés;Autres éditeurs/solutions non répertoriés;1254
202003;GROUPE CEGEDIM;ASP LINE;PERIPHAR;33
202003;GROUPE CEGEDIM;SMART RX;ALLIANCE + FES;4019
202003;GROUPE CEGEDIM;SMART RX;LOGIPHAR FES;634
202003;GROUPE CEGEDIM;SMART RX;OPUS;385
202003;GROUPE EQUASENS;EQUASENS;LGPI;8823
202003;GROUPE EQUASENS;EQUASENS;PRIMORIS;1
202003;total;total;total;21502
202003;__NO_GROUP__CADUCIEL INFORMATIQUE;CADUCIEL INFORMATIQUE;CADUCIEL 6;478
202003;__NO_GROUP__EVERYS;EVERYS;WINPHARMA;4960
202004;ASTERA;CERP ROUEN;LEO;41
202004;ASTERA;CERP ROUEN;LEO 2.0;876
202004;Autres éditeurs/solutions non répertoriés;Autres éditeurs/solutions non répertoriés;Autres éditeurs/solutions non répertoriés;1259
202004;GROUPE CEGEDIM;ASP LINE;PERIPHAR;26
202004;GROUPE CEGEDIM;SMART RX;ALLIANCE + FES;4006
202004;GROUPE CEGEDIM;SMART RX;LOGIPHAR FES;631
202004;GROUPE CEGEDIM;SMART RX;OPUS;383
202004;GROUPE EQUASENS;EQUASENS;LGPI;8831
202004;GROUPE EQUASENS;EQUASENS;PRIMORIS;1
202004;total;total;total;21488
202004;__NO_GROUP__CADUCIEL INFORMATIQUE;CADUCIEL INFORMATIQUE;CADUCIEL 6;478
202004;__NO_GROUP__EVERYS;EVERYS;WINPHARMA;4956
202005;ASTERA;CERP ROUEN;LEO;38
202005;ASTERA;CERP ROUEN;LEO 2.0;873
202005;Autres éditeurs/solutions non répertoriés;Autres éditeurs/solutions non répertoriés;Autres éditeurs/solutions non répertoriés;1262
202005;GROUPE CEGEDIM;ASP LINE;PERIPHAR;20
202005;GROUPE CEGEDIM;SMART RX;ALLIANCE + FES;3997
202005;GROUPE CEGEDIM;SMART RX;LOGIPHAR FES;623
202005;GROUPE CEGEDIM;SMART RX;OPUS;377
202005;GROUPE EQUASENS;EQUASENS;LGPI;8809
202005;GROUPE EQUASENS;EQUASENS;PRIMORIS;1
202005;total;total;total;21440
202005;__NO_GROUP__CADUCIEL INFORMATIQUE;CADUCIEL INFORMATIQUE;CADUCIEL 6;472
202005;__NO_GROUP__EVERYS;EVERYS;WINPHARMA;4968
202006;ASTERA;CERP ROUEN;LEO;36
202006;ASTERA;CERP ROUEN;LEO 2.0;880
202006;Autres éditeurs/solutions non répertoriés;Autres éditeurs/solutions non répertoriés;Autres éditeurs/solutions non répertoriés;1292
202006;GROUPE CEGEDIM;ASP LINE;PERIPHAR;19
202006;GROUPE CEGEDIM;SMART RX;ALLIANCE + FES;3964
202006;GROUPE CEGEDIM;SMART RX;LOGIPHAR FES;593
202006;GROUPE CEGEDIM;SMART RX;OPUS;369
202006;GROUPE EQUASENS;EQUASENS;LGPI;8766
202006;GROUPE EQUASENS;EQUASENS;PRIMORIS;1
202006;total;total;total;21385
202006;__NO_GROUP__CADUCIEL INFORMATIQUE;CADUCIEL INFORMATIQUE;CADUCIEL 6;467
202006;__NO_GROUP__EVERYS;EVERYS;WINPHARMA;4998
202007;ASTERA;CERP ROUEN;LEO;30
202007;ASTERA;CERP ROUEN;LEO 2.0;895
202007;Autres éditeurs/solutions non répertoriés;Autres éditeurs/solutions non répertoriés;Autres éditeurs/solutions non répertoriés;1319
202007;GROUPE CEGEDIM;ASP LINE;PERIPHAR;15
202007;GROUPE CEGEDIM;SMART RX;ALLIANCE + FES;3955
202007;GROUPE CEGEDIM;SMART RX;LOGIPHAR FES;577
202007;GROUPE CEGEDIM;SMART RX;OPUS;365
202007;GROUPE EQUASENS;EQUASENS;LGPI;8790
202007;GROUPE EQUASENS;EQUASENS;PRIMORIS;1
202007;total;total;total;21454
202007;__NO_GROUP__CADUCIEL INFORMATIQUE;CADUCIEL INFORMATIQUE;CADUCIEL 6;459
202007;__NO_GROUP__EVERYS;EVERYS;WINPHARMA;5048
202008;ASTERA;CERP ROUEN;LEO;27
202008;ASTERA;CERP ROUEN;LEO 2.0;893
202008;Autres éditeurs/solutions non répertoriés;Autres éditeurs/solutions non répertoriés;Autres éditeurs/solutions non répertoriés;1331
202008;GROUPE CEGEDIM;ASP LINE;PERIPHAR;17
202008;GROUPE CEGEDIM;SMART RX;ALLIANCE + FES;3929
202008;GROUPE CEGEDIM;SMART RX;LOGIPHAR FES;565
202008;GROUPE CEGEDIM;SMART RX;OPUS;360
202008;GROUPE EQUASENS;EQUASENS;LGPI;8745
202008;GROUPE EQUASENS;EQUASENS;PRIMORIS;1
202008;total;total;total;21360
202008;__NO_GROUP__CADUCIEL INFORMATIQUE;CADUCIEL INFORMATIQUE;CADUCIEL 6;450
202008;__NO_GROUP__EVERYS;EVERYS;WINPHARMA;5042
202009;ASTERA;CERP ROUEN;LEO;23
202009;ASTERA;CERP ROUEN;LEO 2.0;912
202009;Autres éditeurs/solutions non répertoriés;Autres éditeurs/solutions non répertoriés;Autres éditeurs/solutions non répertoriés;1378
202009;GROUPE CEGEDIM;ASP LINE;PERIPHAR;10
202009;GROUPE CEGEDIM;SMART RX;ALLIANCE + FES;3928
202009;GROUPE CEGEDIM;SMART RX;LOGIPHAR FES;526
202009;GROUPE CEGEDIM;SMART RX;OPUS;343
202009;GROUPE EQUASENS;EQUASENS;LGPI;8716
202009;GROUPE EQUASENS;EQUASENS;PRIMORIS;1
202009;total;total;total;21356
202009;__NO_GROUP__CADUCIEL INFORMATIQUE;CADUCIEL INFORMATIQUE;CADUCIEL 6;440
202009;__NO_GROUP__EVERYS;EVERYS;WINPHARMA;5079
202010;ASTERA;CERP ROUEN;LEO;19
202010;ASTERA;CERP ROUEN;LEO 2.0;922
202010;Autres éditeurs/solutions non répertoriés;Autres éditeurs/solutions non répertoriés;Autres éditeurs/solutions non répertoriés;1411
202010;GROUPE CEGEDIM;ASP LINE;PERIPHAR;9
202010;GROUPE CEGEDIM;SMART RX;ALLIANCE + FES;3921
202010;GROUPE CEGEDIM;SMART RX;LOGIPHAR FES;501
202010;GROUPE CEGEDIM;SMART RX;OPUS;335
202010;GROUPE EQUASENS;EQUASENS;LGPI;8749
202010;GROUPE EQUASENS;EQUASENS;PRIMORIS;1
202010;total;total;total;21415
202010;__NO_GROUP__CADUCIEL INFORMATIQUE;CADUCIEL INFORMATIQUE;CADUCIEL 6;427
202010;__NO_GROUP__EVERYS;EVERYS;WINPHARMA;5120
202011;ASTERA;CERP ROUEN;LEO;15
202011;ASTERA;CERP ROUEN;LEO 2.0;936
202011;Autres éditeurs/solutions non répertoriés;Autres éditeurs/solutions non répertoriés;Autres éditeurs/solutions non répertoriés;1422
202011;GROUPE CEGEDIM;ASP LINE;PERIPHAR;9
202011;GROUPE CEGEDIM;SMART RX;ALLIANCE + FES;3924
202011;GROUPE CEGEDIM;SMART RX;LOGIPHAR FES;484
202011;GROUPE CEGEDIM;SMART RX;OPUS;325
202011;GROUPE EQUASENS;EQUASENS;LGPI;8735
202011;GROUPE EQUASENS;EQUASENS;PRIMORIS;1
202011;total;total;total;21387
202011;__NO_GROUP__CADUCIEL INFORMATIQUE;CADUCIEL INFORMATIQUE;CADUCIEL 6;403
202011;__NO_GROUP__EVERYS;EVERYS;WINPHARMA;5133
202012;ASTERA;CERP ROUEN;LEO;12
202012;ASTERA;CERP ROUEN;LEO 2.0;955
202012;Autres éditeurs/solutions non répertoriés;Autres éditeurs/solutions non répertoriés;Autres éditeurs/solutions non répertoriés;1439
202012;GROUPE CEGEDIM;ASP LINE;PERIPHAR;8
202012;GROUPE CEGEDIM;SMART RX;ALLIANCE + FES;3908
202012;GROUPE CEGEDIM;SMART RX;LOGIPHAR FES;476
202012;GROUPE CEGEDIM;SMART RX;OPUS;318
202012;GROUPE EQUASENS;EQUASENS;LGPI;8731
202012;GROUPE EQUASENS;EQUASENS;PRIMORIS;1
202012;total;total;total;21401
202012;__NO_GROUP__CADUCIEL INFORMATIQUE;CADUCIEL INFORMATIQUE;CADUCIEL 6;386
202012;__NO_GROUP__EVERYS;EVERYS;WINPHARMA;5167
202101;ASTERA;CERP ROUEN;LEO;10
202101;ASTERA;CERP ROUEN;LEO 2.0;971
202101;Autres éditeurs/solutions non répertoriés;Autres éditeurs/solutions non répertoriés;Autres éditeurs/solutions non répertoriés;1451
202101;GROUPE CEGEDIM;ASP LINE;PERIPHAR;6
202101;GROUPE CEGEDIM;SMART RX;ALLIANCE + FES;3887
202101;GROUPE CEGEDIM;SMART RX;LOGIPHAR FES;467
202101;GROUPE CEGEDIM;SMART RX;OPUS;312
202101;GROUPE EQUASENS;EQUASENS;LGPI;8739
202101;GROUPE EQUASENS;EQUASENS;PRIMORIS;1
202101;total;total;total;21412
202101;__NO_GROUP__CADUCIEL INFORMATIQUE;CADUCIEL INFORMATIQUE;CADUCIEL 6;367
202101;__NO_GROUP__EVERYS;EVERYS;WINPHARMA;5201
202102;ASTERA;CERP ROUEN;LEO;8
202102;ASTERA;CERP ROUEN;LEO 2.0;980
202102;Autres éditeurs/solutions non répertoriés;Autres éditeurs/solutions non répertoriés;Autres éditeurs/solutions non répertoriés;1458
202102;GROUPE CEGEDIM;ASP LINE;PERIPHAR;4
202102;GROUPE CEGEDIM;SMART RX;ALLIANCE + FES;3845
202102;GROUPE CEGEDIM;SMART RX;LOGIPHAR FES;457
202102;GROUPE CEGEDIM;SMART RX;OPUS;297
202102;GROUPE EQUASENS;EQUASENS;LGPI;8686
202102;GROUPE EQUASENS;EQUASENS;PRIMORIS;1
202102;total;total;total;21300
202102;__NO_GROUP__CADUCIEL INFORMATIQUE;CADUCIEL INFORMATIQUE;CADUCIEL 6;343
202102;__NO_GROUP__EVERYS;EVERYS;WINPHARMA;5221
202103;ASTERA;CERP ROUEN;LEO;6
202103;ASTERA;CERP ROUEN;LEO 2.0;995
202103;Autres éditeurs/solutions non répertoriés;Autres éditeurs/solutions non répertoriés;Autres éditeurs/solutions non répertoriés;1481
202103;GROUPE CEGEDIM;ASP LINE;PERIPHAR;2
202103;GROUPE CEGEDIM;SMART RX;ALLIANCE + FES;3823
202103;GROUPE CEGEDIM;SMART RX;LOGIPHAR FES;444
202103;GROUPE CEGEDIM;SMART RX;OPUS;292
202103;GROUPE EQUASENS;EQUASENS;LGPI;8669
202103;GROUPE EQUASENS;EQUASENS;PRIMORIS;1
202103;total;total;total;21301
202103;__NO_GROUP__CADUCIEL INFORMATIQUE;CADUCIEL INFORMATIQUE;CADUCIEL 6;321
202103;__NO_GROUP__EVERYS;EVERYS;WINPHARMA;5267
202104;ASTERA;CERP ROUEN;LEO;4
202104;ASTERA;CERP ROUEN;LEO 2.0;1020
202104;Autres éditeurs/solutions non répertoriés;Autres éditeurs/solutions non répertoriés;Autres éditeurs/solutions non répertoriés;1496
202104;GROUPE CEGEDIM;ASP LINE;PERIPHAR;3
202104;GROUPE CEGEDIM;SMART RX;ALLIANCE + FES;3824
202104;GROUPE CEGEDIM;SMART RX;LOGIPHAR FES;430
202104;GROUPE CEGEDIM;SMART RX;OPUS;285
202104;GROUPE EQUASENS;EQUASENS;LGPI;8686
202104;GROUPE EQUASENS;EQUASENS;PRIMORIS;1
202104;total;total;total;21338
202104;__NO_GROUP__CADUCIEL INFORMATIQUE;CADUCIEL INFORMATIQUE;CADUCIEL 6;296
202104;__NO_GROUP__EVERYS;EVERYS;WINPHARMA;5293
202105;ASTERA;CERP ROUEN;LEO;2
202105;ASTERA;CERP ROUEN;LEO 2.0;1033
202105;Autres éditeurs/solutions non répertoriés;Autres éditeurs/solutions non répertoriés;Autres éditeurs/solutions non répertoriés;1510
202105;GROUPE CEGEDIM;ASP LINE;PERIPHAR;2
202105;GROUPE CEGEDIM;SMART RX;ALLIANCE + FES;3794
202105;GROUPE CEGEDIM;SMART RX;LOGIPHAR FES;419
202105;GROUPE CEGEDIM;SMART RX;OPUS;280
202105;GROUPE EQUASENS;EQUASENS;LGPI;8648
202105;GROUPE EQUASENS;EQUASENS;PRIMORIS;1
202105;total;total;total;21265
202105;__NO_GROUP__CADUCIEL INFORMATIQUE;CADUCIEL INFORMATIQUE;CADUCIEL 6;276
202105;__NO_GROUP__EVERYS;EVERYS;WINPHARMA;5300
202106;ASTERA;CERP ROUEN;LEO;2
202106;ASTERA;CERP ROUEN;LEO 2.0;1058
202106;Autres éditeurs/solutions non répertoriés;Autres éditeurs/solutions non répertoriés;Autres éditeurs/solutions non répertoriés;1519
202106;GROUPE CEGEDIM;ASP LINE;PERIPHAR;1
202106;GROUPE CEGEDIM;SMART RX;ALLIANCE + FES;3761
202106;GROUPE CEGEDIM;SMART RX;LOGIPHAR FES;413
202106;GROUPE CEGEDIM;SMART RX;OPUS;272
202106;GROUPE CEGEDIM;SMART RX;SMART RX FES;1
202106;GROUPE EQUASENS;EQUASENS;LGPI;8609
202106;GROUPE EQUASENS;EQUASENS;PRIMORIS;1
202106;total;total;total;21232
202106;__NO_GROUP__CADUCIEL INFORMATIQUE;CADUCIEL INFORMATIQUE;CADUCIEL 6;250
202106;__NO_GROUP__EVERYS;EVERYS;WINPHARMA;5345
202107;ASTERA;CERP ROUEN;LEO;1
202107;ASTERA;CERP ROUEN;LEO 2.0;1077
202107;Autres éditeurs/solutions non répertoriés;Autres éditeurs/solutions non répertoriés;Autres éditeurs/solutions non répertoriés;1519
202107;GROUPE CEGEDIM;ASP LINE;PERIPHAR;1
202107;GROUPE CEGEDIM;SMART RX;ALLIANCE + FES;3752
202107;GROUPE CEGEDIM;SMART RX;LOGIPHAR FES;412
202107;GROUPE CEGEDIM;SMART RX;OPUS;272
202107;GROUPE CEGEDIM;SMART RX;SMART RX FES;1
202107;GROUPE EQUASENS;EQUASENS;LGPI;8632
202107;GROUPE EQUASENS;EQUASENS;PRIMORIS;1
202107;total;total;total;21291
202107;__NO_GROUP__CADUCIEL INFORMATIQUE;CADUCIEL INFORMATIQUE;CADUCIEL 6;229
202107;__NO_GROUP__EVERYS;EVERYS;WINPHARMA;5394
202108;ASTERA;CERP ROUEN;LEO;1
202108;ASTERA;CERP ROUEN;LEO 2.0;1079
202108;Autres éditeurs/solutions non répertoriés;Autres éditeurs/solutions non répertoriés;Autres éditeurs/solutions non répertoriés;1510
202108;GROUPE CEGEDIM;ASP LINE;PERIPHAR;2
202108;GROUPE CEGEDIM;SMART RX;ALLIANCE + FES;3709
202108;GROUPE CEGEDIM;SMART RX;LOGIPHAR FES;403
202108;GROUPE CEGEDIM;SMART RX;OPUS;267
202108;GROUPE CEGEDIM;SMART RX;SMART RX FES;1
202108;GROUPE EQUASENS;EQUASENS;LGPI;8580
202108;GROUPE EQUASENS;EQUASENS;PRIMORIS;1
202108;total;total;total;21155
202108;__NO_GROUP__CADUCIEL INFORMATIQUE;CADUCIEL INFORMATIQUE;CADUCIEL 6;222
202108;__NO_GROUP__EVERYS;EVERYS;WINPHARMA;5380
202109;ASTERA;CERP ROUEN;LEO;1
202109;ASTERA;CERP ROUEN;LEO 2.0;1107
202109;Autres éditeurs/solutions non répertoriés;Autres éditeurs/solutions non répertoriés;Autres éditeurs/solutions non répertoriés;1524
202109;GROUPE CEGEDIM;ASP LINE;PERIPHAR;1
202109;GROUPE CEGEDIM;SMART RX;ALLIANCE + FES;3702
202109;GROUPE CEGEDIM;SMART RX;LOGIPHAR FES;392
202109;GROUPE CEGEDIM;SMART RX;OPUS;256
202109;GROUPE CEGEDIM;SMART RX;SMART RX FES;4
202109;GROUPE EQUASENS;EQUASENS;LGPI;8579
202109;GROUPE EQUASENS;EQUASENS;PRIMORIS;1
202109;total;total;total;21176
202109;__NO_GROUP__CADUCIEL INFORMATIQUE;CADUCIEL INFORMATIQUE;CADUCIEL 6;195
202109;__NO_GROUP__EVERYS;EVERYS;WINPHARMA;5414
202110;ASTERA;CERP ROUEN;LEO;1
202110;ASTERA;CERP ROUEN;LEO 2.0;1138
202110;Autres éditeurs/solutions non répertoriés;Autres éditeurs/solutions non répertoriés;Autres éditeurs/solutions non répertoriés;1525
202110;GROUPE CEGEDIM;ASP LINE;PERIPHAR;2
202110;GROUPE CEGEDIM;SMART RX;ALLIANCE + FES;3677
202110;GROUPE CEGEDIM;SMART RX;LOGIPHAR FES;387
202110;GROUPE CEGEDIM;SMART RX;OPUS;252
202110;GROUPE CEGEDIM;SMART RX;SMART RX FES;4
202110;GROUPE EQUASENS;EQUASENS;LGPI;8589
202110;GROUPE EQUASENS;EQUASENS;PRIMORIS;1
202110;total;total;total;21199
202110;__NO_GROUP__CADUCIEL INFORMATIQUE;CADUCIEL INFORMATIQUE;CADUCIEL 6;168
202110;__NO_GROUP__EVERYS;EVERYS;WINPHARMA;5455
202111;ASTERA;CERP ROUEN;LEO 2.0;1154
202111;Autres éditeurs/solutions non répertoriés;Autres éditeurs/solutions non répertoriés;Autres éditeurs/solutions non répertoriés;1536
202111;GROUPE CEGEDIM;ASP LINE;PERIPHAR;1
202111;GROUPE CEGEDIM;SMART RX;ALLIANCE + FES;3647
202111;GROUPE CEGEDIM;SMART RX;LOGIPHAR FES;379
202111;GROUPE CEGEDIM;SMART RX;OPUS;245
202111;GROUPE CEGEDIM;SMART RX;SMART RX FES;6
202111;GROUPE EQUASENS;EQUASENS;LGPI;8548
202111;GROUPE EQUASENS;EQUASENS;PRIMORIS;1
202111;total;total;total;21109
202111;__NO_GROUP__CADUCIEL INFORMATIQUE;CADUCIEL INFORMATIQUE;CADUCIEL 6;143
202111;__NO_GROUP__EVERYS;EVERYS;WINPHARMA;5449
202112;ASTERA;CERP ROUEN;LEO 2.0;1171
202112;Autres éditeurs/solutions non répertoriés;Autres éditeurs/solutions non répertoriés;Autres éditeurs/solutions non répertoriés;1536
202112;GROUPE CEGEDIM;ASP LINE;PERIPHAR;1
202112;GROUPE CEGEDIM;SMART RX;ALLIANCE + FES;3630
202112;GROUPE CEGEDIM;SMART RX;LOGIPHAR FES;380
202112;GROUPE CEGEDIM;SMART RX;OPUS;239
202112;GROUPE CEGEDIM;SMART RX;SMART RX FES;8
202112;GROUPE EQUASENS;EQUASENS;LGPI;8555
202112;GROUPE EQUASENS;EQUASENS;PRIMORIS;1
202112;total;total;total;21130
202112;__NO_GROUP__CADUCIEL INFORMATIQUE;CADUCIEL INFORMATIQUE;CADUCIEL 6;129
202112;__NO_GROUP__EVERYS;EVERYS;WINPHARMA;5480
202201;ASTERA;CERP ROUEN;LEO 2.0;1193
202201;Autres éditeurs/solutions non répertoriés;Autres éditeurs/solutions non répertoriés;Autres éditeurs/solutions non répertoriés;1541
202201;GROUPE CEGEDIM;ASP LINE;PERIPHAR;1
202201;GROUPE CEGEDIM;SMART RX;ALLIANCE + FES;3620
202201;GROUPE CEGEDIM;SMART RX;LOGIPHAR FES;376
202201;GROUPE CEGEDIM;SMART RX;OPUS;236
202201;GROUPE CEGEDIM;SMART RX;SMART RX FES;9
202201;GROUPE EQUASENS;EQUASENS;LGPI;8552
202201;GROUPE EQUASENS;EQUASENS;PRIMORIS;1
202201;total;total;total;21153
202201;__NO_GROUP__CADUCIEL INFORMATIQUE;CADUCIEL INFORMATIQUE;CADUCIEL 6;107
202201;__NO_GROUP__EVERYS;EVERYS;WINPHARMA;5517
202202;ASTERA;CERP ROUEN;LEO 2.0;1213
202202;Autres éditeurs/solutions non répertoriés;Autres éditeurs/solutions non répertoriés;Autres éditeurs/solutions non répertoriés;1536
202202;GROUPE CEGEDIM;ASP LINE;PERIPHAR;1
202202;GROUPE CEGEDIM;SMART RX;ALLIANCE + FES;3596
202202;GROUPE CEGEDIM;SMART RX;LOGIPHAR FES;372
202202;GROUPE CEGEDIM;SMART RX;OPUS;232
202202;GROUPE CEGEDIM;SMART RX;SMART RX FES;10
202202;GROUPE EQUASENS;EQUASENS;LGPI;8555
202202;GROUPE EQUASENS;EQUASENS;PRIMORIS;1
202202;total;total;total;21142
202202;__NO_GROUP__CADUCIEL INFORMATIQUE;CADUCIEL INFORMATIQUE;CADUCIEL 6;93
202202;__NO_GROUP__EVERYS;EVERYS;WINPHARMA;5533
202203;ASTERA;CERP ROUEN;LEO 2.0;1233
202203;Autres éditeurs/solutions non répertoriés;Autres éditeurs/solutions non répertoriés;Autres éditeurs/solutions non répertoriés;1550
202203;GROUPE CEGEDIM;ASP LINE;PERIPHAR;1
202203;GROUPE CEGEDIM;SMART RX;ALLIANCE + FES;3582
202203;GROUPE CEGEDIM;SMART RX;LOGIPHAR FES;361
202203;GROUPE CEGEDIM;SMART RX;OPUS;226
202203;GROUPE CEGEDIM;SMART RX;SMART RX FES;12
202203;GROUPE EQUASENS;EQUASENS;LGPI;8530
202203;GROUPE EQUASENS;EQUASENS;PRIMORIS;1
202203;total;total;total;21132
202203;__NO_GROUP__CADUCIEL INFORMATIQUE;CADUCIEL INFORMATIQUE;CADUCIEL 6;72
202203;__NO_GROUP__EVERYS;EVERYS;WINPHARMA;5564
202204;ASTERA;CERP ROUEN;LEO 2.0;1246
202204;Autres éditeurs/solutions non répertoriés;Autres éditeurs/solutions non répertoriés;Autres éditeurs/solutions non répertoriés;1558
202204;GROUPE CEGEDIM;ASP LINE;PERIPHAR;1
202204;GROUPE CEGEDIM;SMART RX;ALLIANCE + FES;3552
202204;GROUPE CEGEDIM;SMART RX;LOGIPHAR FES;357
202204;GROUPE CEGEDIM;SMART RX;OPUS;223
202204;GROUPE CEGEDIM;SMART RX;SMART RX FES;13
202204;GROUPE EQUASENS;EQUASENS;LGPI;8518
202204;GROUPE EQUASENS;EQUASENS;PRIMORIS;1
202204;total;total;total;21120
202204;__NO_GROUP__CADUCIEL INFORMATIQUE;CADUCIEL INFORMATIQUE;CADUCIEL 6;55
202204;__NO_GROUP__EVERYS;EVERYS;WINPHARMA;5596
202205;ASTERA;CERP ROUEN;LEO 2.0;1255
202205;Autres éditeurs/solutions non répertoriés;Autres éditeurs/solutions non répertoriés;Autres éditeurs/solutions non répertoriés;1557
202205;GROUPE CEGEDIM;ASP LINE;PERIPHAR;1
202205;GROUPE CEGEDIM;SMART RX;ALLIANCE + FES;3530
202205;GROUPE CEGEDIM;SMART RX;LOGIPHAR FES;353
202205;GROUPE CEGEDIM;SMART RX;OPUS;216
202205;GROUPE CEGEDIM;SMART RX;SMART RX FES;18
202205;GROUPE EQUASENS;EQUASENS;LGPI;8505
202205;GROUPE EQUASENS;EQUASENS;PRIMORIS;1
202205;total;total;total;21077
202205;__NO_GROUP__CADUCIEL INFORMATIQUE;CADUCIEL INFORMATIQUE;CADUCIEL 6;38
202205;__NO_GROUP__EVERYS;EVERYS;WINPHARMA;5603
202206;ASTERA;CERP ROUEN;LEO;1
202206;ASTERA;CERP ROUEN;LEO 2.0;1273
202206;Autres éditeurs/solutions non répertoriés;Autres éditeurs/solutions non répertoriés;Autres éditeurs/solutions non répertoriés;1564
202206;GROUPE CEGEDIM;ASP LINE;PERIPHAR;1
202206;GROUPE CEGEDIM;SMART RX;ALLIANCE + FES;3478
202206;GROUPE CEGEDIM;SMART RX;LOGIPHAR FES;350
202206;GROUPE CEGEDIM;SMART RX;OPUS;211
202206;GROUPE CEGEDIM;SMART RX;SMART RX FES;23
202206;GROUPE EQUASENS;EQUASENS;LGPI;8477
202206;GROUPE EQUASENS;EQUASENS;PRIMORIS;1
202206;total;total;total;21039
202206;__NO_GROUP__CADUCIEL INFORMATIQUE;CADUCIEL INFORMATIQUE;CADUCIEL 6;16
202206;__NO_GROUP__EVERYS;EVERYS;WINPHARMA;5644
202207;ASTERA;CERP ROUEN;LEO 2.0;1287
202207;Autres éditeurs/solutions non répertoriés;Autres éditeurs/solutions non répertoriés;Autres éditeurs/solutions non répertoriés;1562
202207;GROUPE CEGEDIM;ASP LINE;PERIPHAR;1
202207;GROUPE CEGEDIM;SMART RX;ALLIANCE + FES;3471
202207;GROUPE CEGEDIM;SMART RX;LOGIPHAR FES;350
202207;GROUPE CEGEDIM;SMART RX;OPUS;207
202207;GROUPE CEGEDIM;SMART RX;SMART RX FES;29
202207;GROUPE EQUASENS;EQUASENS;LGPI;8480
202207;GROUPE EQUASENS;EQUASENS;PRIMORIS;1
202207;total;total;total;21073
202207;__NO_GROUP__CADUCIEL INFORMATIQUE;CADUCIEL INFORMATIQUE;CADUCIEL 6;7
202207;__NO_GROUP__EVERYS;EVERYS;WINPHARMA;5678
202208;ASTERA;CERP ROUEN;LEO;1
202208;ASTERA;CERP ROUEN;LEO 2.0;1279
202208;Autres éditeurs/solutions non répertoriés;Autres éditeurs/solutions non répertoriés;Autres éditeurs/solutions non répertoriés;1545
202208;GROUPE CEGEDIM;ASP LINE;PERIPHAR;1
202208;GROUPE CEGEDIM;SMART RX;ALLIANCE + FES;3434
202208;GROUPE CEGEDIM;SMART RX;LOGIPHAR FES;352
202208;GROUPE CEGEDIM;SMART RX;OPUS;201
202208;GROUPE CEGEDIM;SMART RX;SMART RX FES;28
202208;GROUPE EQUASENS;EQUASENS;LGPI;8407
202208;GROUPE EQUASENS;EQUASENS;PRIMORIS;1
202208;total;total;total;20912
202208;__NO_GROUP__CADUCIEL INFORMATIQUE;CADUCIEL INFORMATIQUE;CADUCIEL 6;6
202208;__NO_GROUP__EVERYS;EVERYS;WINPHARMA;5657
202209;ASTERA;CERP ROUEN;LEO 2.0;1287
202209;Autres éditeurs/solutions non répertoriés;Autres éditeurs/solutions non répertoriés;Autres éditeurs/solutions non répertoriés;1556
202209;GROUPE CEGEDIM;ASP LINE;PERIPHAR;1
202209;GROUPE CEGEDIM;SMART RX;ALLIANCE + FES;3421
202209;GROUPE CEGEDIM;SMART RX;LOGIPHAR FES;350
202209;GROUPE CEGEDIM;SMART RX;OPUS;192
202209;GROUPE CEGEDIM;SMART RX;SMART RX FES;44
202209;GROUPE EQUASENS;EQUASENS;LGPI;8411
202209;GROUPE EQUASENS;EQUASENS;PRIMORIS;1
202209;total;total;total;20993
202209;__NO_GROUP__CADUCIEL INFORMATIQUE;CADUCIEL INFORMATIQUE;CADUCIEL 6;4
202209;__NO_GROUP__EVERYS;EVERYS;WINPHARMA;5726
202210;ASTERA;CERP ROUEN;LEO 2.0;1301
202210;Autres éditeurs/solutions non répertoriés;Autres éditeurs/solutions non répertoriés;Autres éditeurs/solutions non répertoriés;1568
202210;GROUPE CEGEDIM;ASP LINE;PERIPHAR;1
202210;GROUPE CEGEDIM;SMART RX;ALLIANCE + FES;3386
202210;GROUPE CEGEDIM;SMART RX;LOGIPHAR FES;353
202210;GROUPE CEGEDIM;SMART RX;OPUS;183
202210;GROUPE CEGEDIM;SMART RX;SMART RX FES;57
202210;GROUPE EQUASENS;EQUASENS;LGPI;8382
202210;GROUPE EQUASENS;EQUASENS;PRIMORIS;1
202210;total;total;total;20993
202210;__NO_GROUP__CADUCIEL INFORMATIQUE;CADUCIEL INFORMATIQUE;CADUCIEL 6;4
202210;__NO_GROUP__EVERYS;EVERYS;WINPHARMA;5757
202211;ASTERA;CERP ROUEN;LEO 2.0;1303
202211;Autres éditeurs/solutions non répertoriés;Autres éditeurs/solutions non répertoriés;Autres éditeurs/solutions non répertoriés;1556
202211;GROUPE CEGEDIM;ASP LINE;PERIPHAR;1
202211;GROUPE CEGEDIM;SMART RX;ALLIANCE + FES;3347
202211;GROUPE CEGEDIM;SMART RX;LOGIPHAR FES;349
202211;GROUPE CEGEDIM;SMART RX;OPUS;173
202211;GROUPE CEGEDIM;SMART RX;SMART RX FES;80
202211;GROUPE EQUASENS;EQUASENS;LGPI;8344
202211;GROUPE EQUASENS;EQUASENS;PRIMORIS;1
202211;total;total;total;20927
202211;__NO_GROUP__CADUCIEL INFORMATIQUE;CADUCIEL INFORMATIQUE;CADUCIEL 6;4
202211;__NO_GROUP__EVERYS;EVERYS;WINPHARMA;5769
202212;ASTERA;CERP ROUEN;LEO 2.0;1306
202212;Autres éditeurs/solutions non répertoriés;Autres éditeurs/solutions non répertoriés;Autres éditeurs/solutions non répertoriés;1558
202212;GROUPE CEGEDIM;ASP LINE;PERIPHAR;1
202212;GROUPE CEGEDIM;SMART RX;ALLIANCE + FES;3318
202212;GROUPE CEGEDIM;SMART RX;LOGIPHAR FES;351
202212;GROUPE CEGEDIM;SMART RX;OPUS;165
202212;GROUPE CEGEDIM;SMART RX;SMART RX FES;89
202212;GROUPE EQUASENS;EQUASENS;LGPI;8346
202212;GROUPE EQUASENS;EQUASENS;PRIMORIS;1
202212;total;total;total;20948
202212;__NO_GROUP__CADUCIEL INFORMATIQUE;CADUCIEL INFORMATIQUE;CADUCIEL 6;3
202212;__NO_GROUP__EVERYS;EVERYS;WINPHARMA;5810
202301;ASTERA;CERP ROUEN;LEO 2.0;1318
202301;Autres éditeurs/solutions non répertoriés;Autres éditeurs/solutions non répertoriés;Autres éditeurs/solutions non répertoriés;1540
202301;GROUPE CEGEDIM;ASP LINE;PERIPHAR;1
202301;GROUPE CEGEDIM;SMART RX;ALLIANCE + FES;3273
202301;GROUPE CEGEDIM;SMART RX;LOGIPHAR FES;349
202301;GROUPE CEGEDIM;SMART RX;OPUS;154
202301;GROUPE CEGEDIM;SMART RX;SMART RX FES;114
202301;GROUPE EQUASENS;EQUASENS;LGPI;8343
202301;GROUPE EQUASENS;EQUASENS;PRIMORIS;1
202301;total;total;total;20949
202301;__NO_GROUP__CADUCIEL INFORMATIQUE;CADUCIEL INFORMATIQUE;CADUCIEL 6;2
202301;__NO_GROUP__EVERYS;EVERYS;WINPHARMA;5854
202302;ASTERA;CERP ROUEN;LEO 2.0;1329
202302;Autres éditeurs/solutions non répertoriés;Autres éditeurs/solutions non répertoriés;Autres éditeurs/solutions non répertoriés;1523
202302;GROUPE CEGEDIM;ASP LINE;PERIPHAR;1
202302;GROUPE CEGEDIM;SMART RX;ALLIANCE + FES;3243
202302;GROUPE CEGEDIM;SMART RX;LOGIPHAR FES;345
202302;GROUPE CEGEDIM;SMART RX;OPUS;141
202302;GROUPE CEGEDIM;SMART RX;SMART RX FES;131
202302;GROUPE EQUASENS;EQUASENS;LGPI;8303
202302;GROUPE EQUASENS;EQUASENS;PRIMORIS;1
202302;total;total;total;20905
202302;__NO_GROUP__CADUCIEL INFORMATIQUE;CADUCIEL INFORMATIQUE;CADUCIEL 6;3
202302;__NO_GROUP__EVERYS;EVERYS;WINPHARMA;5885
202303;ASTERA;CERP ROUEN;LEO 2.0;1334
202303;Autres éditeurs/solutions non répertoriés;Autres éditeurs/solutions non répertoriés;Autres éditeurs/solutions non répertoriés;1464
202303;GROUPE CEGEDIM;ASP LINE;PERIPHAR;1
202303;GROUPE CEGEDIM;SMART RX;ALLIANCE + FES;3195
202303;GROUPE CEGEDIM;SMART RX;LOGIPHAR FES;344
202303;GROUPE CEGEDIM;SMART RX;OPUS;126
202303;GROUPE CEGEDIM;SMART RX;SMART RX FES;175
202303;GROUPE EQUASENS;EQUASENS;LGPI;8296
202303;GROUPE EQUASENS;EQUASENS;PRIMORIS;1
202303;total;total;total;20885
202303;__NO_GROUP__CADUCIEL INFORMATIQUE;CADUCIEL INFORMATIQUE;CADUCIEL 6;3
202303;__NO_GROUP__EVERYS;EVERYS;WINPHARMA;5946
202304;ASTERA;CERP ROUEN;LEO 2.0;1332
202304;Autres éditeurs/solutions non répertoriés;Autres éditeurs/solutions non répertoriés;Autres éditeurs/solutions non répertoriés;1400
202304;GROUPE CEGEDIM;ASP LINE;PERIPHAR;1
202304;GROUPE CEGEDIM;SMART RX;ALLIANCE + FES;3141
202304;GROUPE CEGEDIM;SMART RX;LOGIPHAR FES;343
202304;GROUPE CEGEDIM;SMART RX;OPUS;119
202304;GROUPE CEGEDIM;SMART RX;SMART RX FES;210
202304;GROUPE EQUASENS;EQUASENS;LGPI;8279
202304;GROUPE EQUASENS;EQUASENS;PRIMORIS;1
202304;total;total;total;20842
202304;__NO_GROUP__CADUCIEL INFORMATIQUE;CADUCIEL INFORMATIQUE;CADUCIEL 6;2
202304;__NO_GROUP__EVERYS;EVERYS;WINPHARMA;6014
202305;ASTERA;CERP ROUEN;LEO 2.0;1323
202305;Autres éditeurs/solutions non répertoriés;Autres éditeurs/solutions non répertoriés;Autres éditeurs/solutions non répertoriés;1343
202305;GROUPE CEGEDIM;ASP LINE;PERIPHAR;1
202305;GROUPE CEGEDIM;SMART RX;ALLIANCE + FES;3108
202305;GROUPE CEGEDIM;SMART RX;LOGIPHAR FES;339
202305;GROUPE CEGEDIM;SMART RX;OPUS;115
202305;GROUPE CEGEDIM;SMART RX;SMART RX FES;227
202305;GROUPE EQUASENS;EQUASENS;LGPI;8245
202305;GROUPE EQUASENS;EQUASENS;PRIMORIS;1
202305;total;total;total;20741
202305;__NO_GROUP__CADUCIEL INFORMATIQUE;CADUCIEL INFORMATIQUE;CADUCIEL 6;2
202305;__NO_GROUP__EVERYS;EVERYS;WINPHARMA;6037
202306;ASTERA;CERP ROUEN;LEO 2.0;1345
202306;Autres éditeurs/solutions non répertoriés;Autres éditeurs/solutions non répertoriés;Autres éditeurs/solutions non répertoriés;1271
202306;GROUPE CEGEDIM;ASP LINE;PERIPHAR;1
202306;GROUPE CEGEDIM;SMART RX;ALLIANCE + FES;3064
202306;GROUPE CEGEDIM;SMART RX;LOGIPHAR FES;335
202306;GROUPE CEGEDIM;SMART RX;OPUS;102
202306;GROUPE CEGEDIM;SMART RX;SMART RX FES;272
202306;GROUPE EQUASENS;EQUASENS;LGPI;8276
202306;GROUPE EQUASENS;EQUASENS;PRIMORIS;1
202306;total;total;total;20788
202306;__NO_GROUP__CADUCIEL INFORMATIQUE;CADUCIEL INFORMATIQUE;CADUCIEL 6;2
202306;__NO_GROUP__EVERYS;EVERYS;WINPHARMA;6119
202307;ASTERA;CERP ROUEN;LEO 2.0;1346
202307;Autres éditeurs/solutions non répertoriés;Autres éditeurs/solutions non répertoriés;Autres éditeurs/solutions non répertoriés;1238
202307;GROUPE CEGEDIM;ASP LINE;PERIPHAR;1
202307;GROUPE CEGEDIM;SMART RX;ALLIANCE + FES;3017
202307;GROUPE CEGEDIM;SMART RX;LOGIPHAR FES;328
202307;GROUPE CEGEDIM;SMART RX;OPUS;99
202307;GROUPE CEGEDIM;SMART RX;SMART RX FES;295
202307;GROUPE EQUASENS;EQUASENS;LGPI;8285
202307;GROUPE EQUASENS;EQUASENS;PRIMORIS;1
202307;total;total;total;20796
202307;__NO_GROUP__CADUCIEL INFORMATIQUE;CADUCIEL INFORMATIQUE;CADUCIEL 6;1
202307;__NO_GROUP__EVERYS;EVERYS;WINPHARMA;6185
202308;ASTERA;CERP ROUEN;LEO 2.0;1343
202308;Autres éditeurs/solutions non répertoriés;Autres éditeurs/solutions non répertoriés;Autres éditeurs/solutions non répertoriés;1217
202308;GROUPE CEGEDIM;ASP LINE;PERIPHAR;1
202308;GROUPE CEGEDIM;SMART RX;ALLIANCE + FES;2974
202308;GROUPE CEGEDIM;SMART RX;LOGIPHAR FES;321
202308;GROUPE CEGEDIM;SMART RX;OPUS;98
202308;GROUPE CEGEDIM;SMART RX;SMART RX FES;314
202308;GROUPE EQUASENS;EQUASENS;LGPI;8229
202308;GROUPE EQUASENS;EQUASENS;PRIMORIS;1
202308;total;total;total;20668
202308;__NO_GROUP__EVERYS;EVERYS;WINPHARMA;6170
202309;ASTERA;CERP ROUEN;LEO 2.0;1353
202309;Autres éditeurs/solutions non répertoriés;Autres éditeurs/solutions non répertoriés;Autres éditeurs/solutions non répertoriés;1165
202309;GROUPE CEGEDIM;ASP LINE;PERIPHAR;1
202309;GROUPE CEGEDIM;SMART RX;ALLIANCE + FES;2916
202309;GROUPE CEGEDIM;SMART RX;LOGIPHAR FES;312
202309;GROUPE CEGEDIM;SMART RX;OPUS;88
202309;GROUPE CEGEDIM;SMART RX;SMART RX FES;371
202309;GROUPE EQUASENS;EQUASENS;LGPI;8251
202309;GROUPE EQUASENS;EQUASENS;PRIMORIS;1
202309;total;total;total;20697
202309;__NO_GROUP__EVERYS;EVERYS;WINPHARMA;6239
202310;ASTERA;CERP ROUEN;LEO 2.0;1360
202310;Autres éditeurs/solutions non répertoriés;Autres éditeurs/solutions non répertoriés;Autres éditeurs/solutions non répertoriés;1121
202310;GROUPE CEGEDIM;ASP LINE;PERIPHAR;1
202310;GROUPE CEGEDIM;SMART RX;ALLIANCE + FES;2858
202310;GROUPE CEGEDIM;SMART RX;LOGIPHAR FES;308
202310;GROUPE CEGEDIM;SMART RX;OPUS;83
202310;GROUPE CEGEDIM;SMART RX;SMART RX FES;427
202310;GROUPE EQUASENS;EQUASENS;LGPI;8272
202310;GROUPE EQUASENS;EQUASENS;PRIMORIS;1
202310;total;total;total;20732
202310;__NO_GROUP__EVERYS;EVERYS;WINPHARMA;6301
202311;ASTERA;CERP ROUEN;LEO 2.0;1367
202311;Autres éditeurs/solutions non répertoriés;Autres éditeurs/solutions non répertoriés;Autres éditeurs/solutions non répertoriés;1097
202311;GROUPE CEGEDIM;ASP LINE;PERIPHAR;1
202311;GROUPE CEGEDIM;SMART RX;ALLIANCE + FES;2802
202311;GROUPE CEGEDIM;SMART RX;LOGIPHAR FES;292
202311;GROUPE CEGEDIM;SMART RX;OPUS;74
202311;GROUPE CEGEDIM;SMART RX;SMART RX FES;470
202311;GROUPE EQUASENS;EQUASENS;LGPI;8224
202311;GROUPE EQUASENS;EQUASENS;PRIMORIS;1
202311;total;total;total;20681
202311;__NO_GROUP__EVERYS;EVERYS;WINPHARMA;6353
202312;ASTERA;CERP ROUEN;LEO 2.0;1372
202312;Autres éditeurs/solutions non répertoriés;Autres éditeurs/solutions non répertoriés;Autres éditeurs/solutions non répertoriés;1073
202312;GROUPE CEGEDIM;ASP LINE;PERIPHAR;1
202312;GROUPE CEGEDIM;SMART RX;ALLIANCE + FES;2756
202312;GROUPE CEGEDIM;SMART RX;LOGIPHAR FES;290
202312;GROUPE CEGEDIM;SMART RX;OPUS;68
202312;GROUPE CEGEDIM;SMART RX;SMART RX FES;495
202312;GROUPE EQUASENS;EQUASENS;LGPI;8221
202312;GROUPE EQUASENS;EQUASENS;PRIMORIS;1
202312;total;total;total;20658
202312;__NO_GROUP__EVERYS;EVERYS;WINPHARMA;6381
202401;ASTERA;CERP ROUEN;LEO 2.0;1362
202401;Autres éditeurs/solutions non répertoriés;Autres éditeurs/solutions non répertoriés;Autres éditeurs/solutions non répertoriés;1071
202401;GROUPE CEGEDIM;ASP LINE;PERIPHAR;1
202401;GROUPE CEGEDIM;SMART RX;ALLIANCE + FES;2689
202401;GROUPE CEGEDIM;SMART RX;LOGIPHAR FES;280
202401;GROUPE CEGEDIM;SMART RX;OPUS;56
202401;GROUPE CEGEDIM;SMART RX;SMART RX FES;532
202401;GROUPE EQUASENS;EQUASENS;LGPI;8223
202401;GROUPE EQUASENS;EQUASENS;PRIMORIS;1
202401;total;total;total;20637
202401;__NO_GROUP__EVERYS;EVERYS;WINPHARMA;6422
202402;ASTERA;CERP ROUEN;LEO 2.0;1363
202402;Autres éditeurs/solutions non répertoriés;Autres éditeurs/solutions non répertoriés;Autres éditeurs/solutions non répertoriés;1060
202402;GROUPE CEGEDIM;ASP LINE;PERIPHAR;1
202402;GROUPE CEGEDIM;SMART RX;ALLIANCE + FES;2625
202402;GROUPE CEGEDIM;SMART RX;LOGIPHAR FES;267
202402;GROUPE CEGEDIM;SMART RX;OPUS;50
202402;GROUPE CEGEDIM;SMART RX;SMART RX FES;578
202402;GROUPE EQUASENS;EQUASENS;LGPI;8205
202402;GROUPE EQUASENS;EQUASENS;PRIMORIS;1
202402;total;total;total;20600
202402;__NO_GROUP__EVERYS;EVERYS;WINPHARMA;6450
202403;ASTERA;CERP ROUEN;LEO 2.0;1356
202403;Autres éditeurs/solutions non répertoriés;Autres éditeurs/solutions non répertoriés;Autres éditeurs/solutions non répertoriés;1060
202403;GROUPE CEGEDIM;ASP LINE;PERIPHAR;1
202403;GROUPE CEGEDIM;SMART RX;ALLIANCE + FES;2509
202403;GROUPE CEGEDIM;SMART RX;LOGIPHAR FES;256
202403;GROUPE CEGEDIM;SMART RX;OPUS;44
202403;GROUPE CEGEDIM;SMART RX;SMART RX FES;671
202403;GROUPE EQUASENS;EQUASENS;LGPI;8193
202403;GROUPE EQUASENS;EQUASENS;PRIMORIS;1
202403;total;total;total;20569
202403;__NO_GROUP__EVERYS;EVERYS;WINPHARMA;6478
202404;ASTERA;CERP ROUEN;LEO 2.0;1355
202404;Autres éditeurs/solutions non répertoriés;Autres éditeurs/solutions non répertoriés;Autres éditeurs/solutions non répertoriés;1052
202404;GROUPE CEGEDIM;ASP LINE;PERIPHAR;1
202404;GROUPE CEGEDIM;SMART RX;ALLIANCE + FES;2386
202404;GROUPE CEGEDIM;SMART RX;LOGIPHAR FES;247
202404;GROUPE CEGEDIM;SMART RX;OPUS;39
202404;GROUPE CEGEDIM;SMART RX;SMART RX FES;769
202404;GROUPE EQUASENS;EQUASENS;LGPI;8158
202404;GROUPE EQUASENS;EQUASENS;PRIMORIS;1
202404;total;total;total;20523
202404;__NO_GROUP__EVERYS;EVERYS;WINPHARMA;6515
202405;ASTERA;CERP ROUEN;LEO 2.0;1354
202405;Autres éditeurs/solutions non répertoriés;Autres éditeurs/solutions non répertoriés;Autres éditeurs/solutions non répertoriés;1054
202405;GROUPE CEGEDIM;ASP LINE;PERIPHAR;1
202405;GROUPE CEGEDIM;SMART RX;ALLIANCE + FES;2255
202405;GROUPE CEGEDIM;SMART RX;LOGIPHAR FES;237
202405;GROUPE CEGEDIM;SMART RX;OPUS;34
202405;GROUPE CEGEDIM;SMART RX;SMART RX FES;874
202405;GROUPE EQUASENS;EQUASENS;LGPI;8140
202405;GROUPE EQUASENS;EQUASENS;PRIMORIS;1
202405;total;total;total;20484
202405;__NO_GROUP__EVERYS;EVERYS;WINPHARMA;6534
202406;ASTERA;CERP ROUEN;LEO 2.0;1356
202406;Autres éditeurs/solutions non répertoriés;Autres éditeurs/solutions non répertoriés;Autres éditeurs/solutions non répertoriés;1056
202406;GROUPE CEGEDIM;ASP LINE;PERIPHAR;1
202406;GROUPE CEGEDIM;SMART RX;ALLIANCE + FES;2101
202406;GROUPE CEGEDIM;SMART RX;LOGIPHAR FES;224
202406;GROUPE CEGEDIM;SMART RX;OPUS;28
202406;GROUPE CEGEDIM;SMART RX;SMART RX FES;1004
202406;GROUPE EQUASENS;EQUASENS;LGPI;8137
202406;GROUPE EQUASENS;EQUASENS;PRIMORIS;1
202406;total;total;total;20472
202406;__NO_GROUP__EVERYS;EVERYS;WINPHARMA;6564
202407;ASTERA;CERP ROUEN;LEO 2.0;1358
202407;Autres éditeurs/solutions non répertoriés;Autres éditeurs/solutions non répertoriés;Autres éditeurs/solutions non répertoriés;1061
202407;GROUPE CEGEDIM;ASP LINE;PERIPHAR;1
202407;GROUPE CEGEDIM;SMART RX;ALLIANCE + FES;1984
202407;GROUPE CEGEDIM;SMART RX;LOGIPHAR FES;220
202407;GROUPE CEGEDIM;SMART RX;OPUS;28
202407;GROUPE CEGEDIM;SMART RX;SMART RX FES;1080
202407;GROUPE EQUASENS;EQUASENS;LGPI;8103
202407;GROUPE EQUASENS;EQUASENS;PRIMORIS;1
202407;total;total;total;20440
202407;__NO_GROUP__EVERYS;EVERYS;WINPHARMA;6604
202408;ASTERA;CERP ROUEN;LEO 2.0;1351
202408;Autres éditeurs/solutions non répertoriés;Autres éditeurs/solutions non répertoriés;Autres éditeurs/solutions non répertoriés;1060
202408;GROUPE CEGEDIM;ASP LINE;PERIPHAR;1
202408;GROUPE CEGEDIM;SMART RX;ALLIANCE + FES;1912
202408;GROUPE CEGEDIM;SMART RX;LOGIPHAR FES;210
202408;GROUPE CEGEDIM;SMART RX;OPUS;25
202408;GROUPE CEGEDIM;SMART RX;SMART RX FES;1136
202408;GROUPE EQUASENS;EQUASENS;LGPI;8077
202408;GROUPE EQUASENS;EQUASENS;PRIMORIS;1
202408;total;total;total;20385
202408;__NO_GROUP__EVERYS;EVERYS;WINPHARMA;6612
202409;ASTERA;CERP ROUEN;LEO 2.0;1355
202409;Autres éditeurs/solutions non répertoriés;Autres éditeurs/solutions non répertoriés;Autres éditeurs/solutions non répertoriés;1056
202409;GROUPE CEGEDIM;ASP LINE;PERIPHAR;1
202409;GROUPE CEGEDIM;SMART RX;ALLIANCE + FES;1661
202409;GROUPE CEGEDIM;SMART RX;LOGIPHAR FES;177
202409;GROUPE CEGEDIM;SMART RX;OPUS;24
202409;GROUPE CEGEDIM;SMART RX;SMART RX FES;1376
202409;GROUPE EQUASENS;EQUASENS;LGPI;8100
202409;GROUPE EQUASENS;EQUASENS;PRIMORIS;1
202409;total;total;total;20394
202409;__NO_GROUP__EVERYS;EVERYS;WINPHARMA;6643
202410;ASTERA;CERP ROUEN;LEO 2.0;1362
202410;Autres éditeurs/solutions non répertoriés;Autres éditeurs/solutions non répertoriés;Autres éditeurs/solutions non répertoriés;1070
202410;GROUPE CEGEDIM;ASP LINE;PERIPHAR;1
202410;GROUPE CEGEDIM;SMART RX;ALLIANCE + FES;1228
202410;GROUPE CEGEDIM;SMART RX;LOGIPHAR FES;136
202410;GROUPE CEGEDIM;SMART RX;OPUS;19
202410;GROUPE CEGEDIM;SMART RX;SMART RX FES;1768
202410;GROUPE EQUASENS;EQUASENS;LGPI;8121
202410;GROUPE EQUASENS;EQUASENS;PRIMORIS;1
202410;total;total;total;20418
202410;__NO_GROUP__EVERYS;EVERYS;WINPHARMA;6712
202411;ASTERA;CERP ROUEN;LEO 2.0;1370
202411;Autres éditeurs/solutions non répertoriés;Autres éditeurs/solutions non répertoriés;Autres éditeurs/solutions non répertoriés;1077
202411;GROUPE CEGEDIM;ASP LINE;PERIPHAR;1
202411;GROUPE CEGEDIM;SMART RX;ALLIANCE + FES;806
202411;GROUPE CEGEDIM;SMART RX;LOGIPHAR FES;78
202411;GROUPE CEGEDIM;SMART RX;OPUS;15
202411;GROUPE CEGEDIM;SMART RX;SMART RX FES;2147
202411;GROUPE EQUASENS;EQUASENS;LGPI;8111
202411;GROUPE EQUASENS;EQUASENS;PRIMORIS;1
202411;total;total;total;20366
202411;__NO_GROUP__EVERYS;EVERYS;WINPHARMA;6760
202412;ASTERA;CERP ROUEN;LEO 2.0;1391
202412;Autres éditeurs/solutions non répertoriés;Autres éditeurs/solutions non répertoriés;Autres éditeurs/solutions non répertoriés;1090
202412;GROUPE CEGEDIM;ASP LINE;PERIPHAR;1
202412;GROUPE CEGEDIM;SMART RX;ALLIANCE + FES;452
202412;GROUPE CEGEDIM;SMART RX;LOGIPHAR FES;44
202412;GROUPE CEGEDIM;SMART RX;OPUS;9
202412;GROUPE CEGEDIM;SMART RX;SMART RX FES;2425
202412;GROUPE EQUASENS;EQUASENS;LGPI;8150
202412;GROUPE EQUASENS;EQUASENS;PRIMORIS;1
202412;total;total;total;20380
202412;__NO_GROUP__EVERYS;EVERYS;WINPHARMA;6817
202501;ASTERA;CERP ROUEN;LEO 2.0;1396
202501;Autres éditeurs/solutions non répertoriés;Autres éditeurs/solutions non répertoriés;Autres éditeurs/solutions non répertoriés;1091
202501;GROUPE CEGEDIM;ASP LINE;PERIPHAR;1
202501;GROUPE CEGEDIM;SMART RX;ALLIANCE + FES;245
202501;GROUPE CEGEDIM;SMART RX;LOGIPHAR FES;22
202501;GROUPE CEGEDIM;SMART RX;OPUS;6
202501;GROUPE CEGEDIM;SMART RX;SMART RX FES;2578
202501;GROUPE EQUASENS;EQUASENS;LGPI;8161
202501;GROUPE EQUASENS;EQUASENS;PRIMORIS;1
202501;total;total;total;20365
202501;__NO_GROUP__EVERYS;EVERYS;WINPHARMA;6864
202502;ASTERA;CERP ROUEN;LEO 2.0;1400
202502;Autres éditeurs/solutions non répertoriés;Autres éditeurs/solutions non répertoriés;Autres éditeurs/solutions non répertoriés;1092
202502;GROUPE CEGEDIM;ASP LINE;PERIPHAR;1
202502;GROUPE CEGEDIM;SMART RX;ALLIANCE + FES;177
202502;GROUPE CEGEDIM;SMART RX;LOGIPHAR FES;11
202502;GROUPE CEGEDIM;SMART RX;OPUS;4
202502;GROUPE CEGEDIM;SMART RX;SMART RX FES;2593
202502;GROUPE EQUASENS;EQUASENS;LGPI;8136
202502;GROUPE EQUASENS;EQUASENS;PRIMORIS;1
202502;total;total;total;20307
202502;__NO_GROUP__EVERYS;EVERYS;WINPHARMA;6892
202503;ASTERA;CERP ROUEN;LEO 2.0;1405
202503;Autres éditeurs/solutions non répertoriés;Autres éditeurs/solutions non répertoriés;Autres éditeurs/solutions non répertoriés;1090
202503;GROUPE CEGEDIM;ASP LINE;PERIPHAR;1
202503;GROUPE CEGEDIM;SMART RX;ALLIANCE + FES;120
202503;GROUPE CEGEDIM;SMART RX;LOGIPHAR FES;7
202503;GROUPE CEGEDIM;SMART RX;OPUS;3
202503;GROUPE CEGEDIM;SMART RX;SMART RX FES;2593
202503;GROUPE EQUASENS;EQUASENS;LGPI;8136
202503;GROUPE EQUASENS;EQUASENS;PRIMORIS;1
202503;total;total;total;20299
202503;__NO_GROUP__EVERYS;EVERYS;WINPHARMA;6943
202504;ASTERA;CERP ROUEN;LEO 2.0;1416
202504;Autres éditeurs/solutions non répertoriés;Autres éditeurs/solutions non répertoriés;Autres éditeurs/solutions non répertoriés;1088
202504;GROUPE CEGEDIM;ASP LINE;PERIPHAR;1
202504;GROUPE CEGEDIM;SMART RX;ALLIANCE + FES;43
202504;GROUPE CEGEDIM;SMART RX;LOGIPHAR FES;4
202504;GROUPE CEGEDIM;SMART RX;OPUS;3
202504;GROUPE CEGEDIM;SMART RX;SMART RX FES;2620
202504;GROUPE EQUASENS;EQUASENS;LGPI;8136
202504;GROUPE EQUASENS;EQUASENS;PRIMORIS;1
202504;total;total;total;20284
202504;__NO_GROUP__EVERYS;EVERYS;WINPHARMA;6972
202505;ASTERA;CERP ROUEN;LEO 2.0;1421
202505;Autres éditeurs/solutions non répertoriés;Autres éditeurs/solutions non répertoriés;Autres éditeurs/solutions non répertoriés;1083
202505;GROUPE CEGEDIM;ASP LINE;PERIPHAR;1
202505;GROUPE CEGEDIM;SMART RX;ALLIANCE + FES;18
202505;GROUPE CEGEDIM;SMART RX;LOGIPHAR FES;2
202505;GROUPE CEGEDIM;SMART RX;OPUS;1
202505;GROUPE CEGEDIM;SMART RX;SMART RX FES;2605
202505;GROUPE EQUASENS;EQUASENS;LGPI;8120
202505;GROUPE EQUASENS;EQUASENS;PRIMORIS;1
202505;total;total;total;20232
202505;__NO_GROUP__EVERYS;EVERYS;WINPHARMA;6980
202506;ASTERA;CERP ROUEN;LEO 2.0;1426
202506;Autres éditeurs/solutions non répertoriés;Autres éditeurs/solutions non répertoriés;Autres éditeurs/solutions non répertoriés;1072
202506;GROUPE CEGEDIM;ASP LINE;PERIPHAR;1
202506;GROUPE CEGEDIM;SMART RX;ALLIANCE + FES;8
202506;GROUPE CEGEDIM;SMART RX;LOGIPHAR FES;1
202506;GROUPE CEGEDIM;SMART RX;SMART RX FES;2577
202506;GROUPE EQUASENS;EQUASENS;LGPI;8106
202506;GROUPE EQUASENS;EQUASENS;PRIMORIS;1
202506;total;total;total;20209
202506;__NO_GROUP__EVERYS;EVERYS;WINPHARMA;7017
202507;ASTERA;CERP ROUEN;LEO 2.0;1448
202507;Autres éditeurs/solutions non répertoriés;Autres éditeurs/solutions non répertoriés;Autres éditeurs/solutions non répertoriés;1070
202507;GROUPE CEGEDIM;ASP LINE;PERIPHAR;1
202507;GROUPE CEGEDIM;SMART RX;ALLIANCE + FES;6
202507;GROUPE CEGEDIM;SMART RX;LOGIPHAR FES;1
202507;GROUPE CEGEDIM;SMART RX;SMART RX FES;2533
202507;GROUPE EQUASENS;EQUASENS;LGPI;8106
202507;GROUPE EQUASENS;EQUASENS;PRIMORIS;1
202507;total;total;total;20243
202507;__NO_GROUP__EVERYS;EVERYS;WINPHARMA;7077
202508;ASTERA;CERP ROUEN;LEO 2.0;1447
202508;Autres éditeurs/solutions non répertoriés;Autres éditeurs/solutions non répertoriés;Autres éditeurs/solutions non répertoriés;1061
202508;GROUPE CEGEDIM;ASP LINE;PERIPHAR;1
202508;GROUPE CEGEDIM;SMART RX;ALLIANCE + FES;5
202508;GROUPE CEGEDIM;SMART RX;LOGIPHAR FES;1
202508;GROUPE CEGEDIM;SMART RX;SMART RX FES;2506
202508;GROUPE EQUASENS;EQUASENS;LGPI;8048
202508;GROUPE EQUASENS;EQUASENS;PRIMORIS;1
202508;total;total;total;20131
202508;__NO_GROUP__EVERYS;EVERYS;WINPHARMA;7061
202509;ASTERA;CERP ROUEN;LEO 2.0;1455
202509;Autres éditeurs/solutions non répertoriés;Autres éditeurs/solutions non répertoriés;Autres éditeurs/solutions non répertoriés;1055
202509;GROUPE CEGEDIM;ASP LINE;PERIPHAR;1
202509;GROUPE CEGEDIM;SMART RX;ALLIANCE + FES;5
202509;GROUPE CEGEDIM;SMART RX;LOGIPHAR FES;1
202509;GROUPE CEGEDIM;SMART RX;SMART RX FES;2482
202509;GROUPE EQUASENS;EQUASENS;LGPI;8053
202509;GROUPE EQUASENS;EQUASENS;PRIMORIS;1
202509;total;total;total;20133
202509;__NO_GROUP__EVERYS;EVERYS;WINPHARMA;7080
202510;ASTERA;CERP ROUEN;LEO 2.0;1468
202510;Autres éditeurs/solutions non répertoriés;Autres éditeurs/solutions non répertoriés;Autres éditeurs/solutions non répertoriés;1050
202510;GROUPE CEGEDIM;ASP LINE;PERIPHAR;1
202510;GROUPE CEGEDIM;SMART RX;ALLIANCE + FES;5
202510;GROUPE CEGEDIM;SMART RX;SMART RX FES;2437
202510;GROUPE EQUASENS;EQUASENS;LGPI;8071
202510;GROUPE EQUASENS;EQUASENS;PRIMORIS;1
202510;total;total;total;20164
202510;__NO_GROUP__EVERYS;EVERYS;WINPHARMA;7131
202511;ASTERA;CERP ROUEN;LEO 2.0;1477
202511;Autres éditeurs/solutions non répertoriés;Autres éditeurs/solutions non répertoriés;Autres éditeurs/solutions non répertoriés;1047
202511;GROUPE CEGEDIM;ASP LINE;PERIPHAR;1
202511;GROUPE CEGEDIM;SMART RX;ALLIANCE + FES;2
202511;GROUPE CEGEDIM;SMART RX;SMART RX FES;2398
202511;GROUPE EQUASENS;EQUASENS;LGPI;8027
202511;GROUPE EQUASENS;EQUASENS;PRIMORIS;1
202511;total;total;total;20120
202511;__NO_GROUP__EVERYS;EVERYS;WINPHARMA;7167
202512;ASTERA;CERP ROUEN;LEO 2.0;1480
202512;Autres éditeurs/solutions non répertoriés;Autres éditeurs/solutions non répertoriés;Autres éditeurs/solutions non répertoriés;1048
202512;GROUPE CEGEDIM;ASP LINE;PERIPHAR;1
202512;GROUPE CEGEDIM;SMART RX;ALLIANCE + FES;2
202512;GROUPE CEGEDIM;SMART RX;SMART RX FES;2356
202512;GROUPE EQUASENS;EQUASENS;LGPI;8037
202512;GROUPE EQUASENS;EQUASENS;PRIMORIS;1
202512;total;total;total;20138
202512;__NO_GROUP__EVERYS;EVERYS;WINPHARMA;7213
202601;ASTERA;CERP ROUEN;LEO 2.0;1478
202601;Autres éditeurs/solutions non répertoriés;Autres éditeurs/solutions non répertoriés;Autres éditeurs/solutions non répertoriés;1050
202601;GROUPE CEGEDIM;ASP LINE;PERIPHAR;1
202601;GROUPE CEGEDIM;SMART RX;ALLIANCE + FES;2
202601;GROUPE CEGEDIM;SMART RX;SMART RX FES;2309
202601;GROUPE EQUASENS;EQUASENS;LGPI;8009
202601;GROUPE EQUASENS;EQUASENS;PRIMORIS;1
202601;total;total;total;20068
202601;__NO_GROUP__EVERYS;EVERYS;WINPHARMA;7218
202602;ASTERA;CERP ROUEN;LEO 2.0;1487
202602;Autres éditeurs/solutions non répertoriés;Autres éditeurs/solutions non répertoriés;Autres éditeurs/solutions non répertoriés;1048
202602;GROUPE CEGEDIM;ASP LINE;PERIPHAR;1
202602;GROUPE CEGEDIM;SMART RX;ALLIANCE + FES;1
202602;GROUPE CEGEDIM;SMART RX;SMART RX FES;2249
202602;GROUPE EQUASENS;EQUASENS;LGPI;7987
202602;total;total;total;20004
202602;__NO_GROUP__EVERYS;EVERYS;WINPHARMA;7231
202603;ASTERA;CERP ROUEN;LEO 2.0;1493
202603;Autres éditeurs/solutions non répertoriés;Autres éditeurs/solutions non répertoriés;Autres éditeurs/solutions non répertoriés;1055
202603;GROUPE CEGEDIM;ASP LINE;PERIPHAR;1
202603;GROUPE CEGEDIM;SMART RX;SMART RX FES;2211
202603;GROUPE EQUASENS;EQUASENS;LGPI;7989
202603;total;total;total;19997
202603;__NO_GROUP__EVERYS;EVERYS;WINPHARMA;7248
202604;ASTERA;CERP ROUEN;LEO 2.0;1507
202604;Autres éditeurs/solutions non répertoriés;Autres éditeurs/solutions non répertoriés;Autres éditeurs/solutions non répertoriés;1066
202604;GROUPE CEGEDIM;ASP LINE;PERIPHAR;1
202604;GROUPE CEGEDIM;SMART RX;SMART RX FES;2159
202604;GROUPE EQUASENS;EQUASENS;LGPI;7970
202604;total;total;total;19984
202604;__NO_GROUP__EVERYS;EVERYS;WINPHARMA;7281
202605;ASTERA;CERP ROUEN;LEO 2.0;1507
202605;Autres éditeurs/solutions non répertoriés;Autres éditeurs/solutions non répertoriés;Autres éditeurs/solutions non répertoriés;1069
202605;GROUPE CEGEDIM;ASP LINE;PERIPHAR;1
202605;GROUPE CEGEDIM;SMART RX;SMART RX FES;2116
202605;GROUPE EQUASENS;EQUASENS;LGPI;7951
202605;total;total;total;19945
202605;__NO_GROUP__EVERYS;EVERYS;WINPHARMA;7301
202606;ASTERA;CERP ROUEN;LEO 2.0;1524
202606;Autres éditeurs/solutions non répertoriés;Autres éditeurs/solutions non répertoriés;Autres éditeurs/solutions non répertoriés;1072
202606;GROUPE CEGEDIM;ASP LINE;PERIPHAR;1
202606;GROUPE CEGEDIM;SMART RX;SMART RX FES;2068
202606;GROUPE EQUASENS;EQUASENS;LGPI;7945
202606;total;total;total;19914
202606;__NO_GROUP__EVERYS;EVERYS;WINPHARMA;7304